{"main":"american-flight-api-rev3.raml","name":"American flight API REV3","organizationId":"25c118bf-d1d5-42dc-9a2d-bea67817d1eb","groupId":"25c118bf-d1d5-42dc-9a2d-bea67817d1eb","assetId":"american-flight-api-rev3","version":"1.0.2","metadata":{"branchId":"master","commitId":"f31f58fbb5fa126a29815ba9e8b1bcf9152d9189","projectId":"4250c171-2031-4c3e-bc98-2b305f9c2408"},"apiVersion":"v1","classifier":"raml","dependencies":[{"assetId":"training-american-flight-data-type","groupId":"68ef9520-24e9-4cf2-b2f5-620025690913","version":"1.0.1"},{"assetId":"training-american-flights-example","groupId":"68ef9520-24e9-4cf2-b2f5-620025690913","version":"1.0.1"}],"tags":[],"originalFormatVersion":"1.0"}